<?xml version='1.0' encoding='UTF-8'?>
<system creation-date="2022-06-20 23:32:05.712000" desc="" enable="False" id="7F2FA6CC-D17A-4407-8790-3EA99614E6E9" last-modified-date="" name="Sistema1"><applications><application name="RobotWare" version="6.13.2015"><settings><system-xml path="C:\Users\bavas\OneDrive\Documentos\RobotStudio\Solutions\Laboratorio4\Systems\Sistema1\system.xml" /><key-id path="C:\Users\bavas\OneDrive\Documentos\RobotStudio\Solutions\Laboratorio4\Systems\Sistema1\INTERNAL\key.id" /><setting-file path="C:\Users\bavas\OneDrive\Documentos\RobotStudio\Solutions\Laboratorio4\Systems\Sistema1\INTERNAL\controller.rsf" /></settings></application></applications></system>