<?xml version="1.0" encoding="iso-8859-1"?>
<Version>
  <Major>6</Major>
  <Minor>13</Minor>
  <Build>2015</Build>
  <Revision>02</Revision>
  <SubRevision>00</SubRevision>
  <BuildTag></BuildTag>
  <VersionName>6.13.02.00</VersionName>
  <RobAPICompatibilityRevision>0</RobAPICompatibilityRevision>
  <Title>RobotWare</Title>
  <Type>RobotWare</Type>
  <Description>Controller Software</Description>
  <Date>2022-03-25</Date>
  <MCTimeStamp>#14:46:51/Mar 25 2022#</MCTimeStamp>
</Version>