<?xml version='1.0' encoding='UTF-8'?>
<system creation-date="2022-05-03 17:41:38.483000" desc="" enable="False" id="1E7DFEC3-5DE0-4B5D-9EFD-DDB618F7DF9A" last-modified-date="" name="Controller1"><applications><application name="RobotWare" version="6.11.2019"><settings><system-xml path="C:\Users\sljim\Documents\RobotStudio\Solutions\Clase3Mayo\Virtual Controllers\Controller1\system.xml" /><key-id path="C:\Users\sljim\Documents\RobotStudio\Solutions\Clase3Mayo\Virtual Controllers\Controller1\INTERNAL\key.id" /><setting-file path="C:\Users\sljim\Documents\RobotStudio\Solutions\Clase3Mayo\Virtual Controllers\Controller1\INTERNAL\controller.rsf" /></settings></application></applications></system>