<?xml version="1.0" encoding="iso-8859-1"?>
<Version>
  <Major>6</Major>
  <Minor>11</Minor>
  <Build>2019</Build>
  <Revision>02</Revision>
  <SubRevision>00</SubRevision>
  <BuildTag></BuildTag>
  <VersionName>6.11.02.00</VersionName>
  <RobAPICompatibilityRevision>0</RobAPICompatibilityRevision>
  <Title>RobotWare</Title>
  <Type>RobotWare</Type>
  <Description>Controller Software</Description>
  <Date>2020-09-25</Date>
  <MCTimeStamp>#14:49:25/Sep 25 2020#</MCTimeStamp>
</Version>